ID,UnitID,Title,RecurrenceType,RecurrenceStrategy,DayOfWeek,WeekNumber,DayNumber,InstallationMonth,StartMonth,EndMonth,Months,Override,,,,,,,,,,,,,,,,,,,,,,,,,,,,,,,,,,,,,
9e39b458-9d04-4faa-97df-0a1778d00cb8,b8a44ddc-0b59-4fab-9a1e-351a04ecb063,Meeting,Monthly,Default,Friday,1st,,Feb,Sep,Jun,,,,,,,,,,,,,,,,,,,,,,,,,,,,,,,,,,,,,,,
bbf366ad-4020-4bd6-9c44-0e4975a14d11,658f24f0-2d73-430f-b170-eba537f8393d,Meeting,Yearly,Default,Wednesday,3rd,,,Feb,Feb,,,,,,,,,,,,,,,,,,,,,,,,,,,,,,,,,,,,,,,
aa2914d0-7da2-4fc2-a8c5-7058d5b1900f,658f24f0-2d73-430f-b170-eba537f8393d,Meeting,Yearly,Default,Wednesday,2nd,,,Jun,Jun,,,,,,,,,,,,,,,,,,,,,,,,,,,,,,,,,,,,,,,
daa9306a-e19c-48ea-9500-c2127cfeb1b2,658f24f0-2d73-430f-b170-eba537f8393d,Meeting,Yearly,Default,Wednesday,3rd,,,Nov,Nov,,,,,,,,,,,,,,,,,,,,,,,,,,,,,,,,,,,,,,,
1a4b6445-3121-4bb7-aabd-f632c7a29953,658f24f0-2d73-430f-b170-eba537f8393d,Installation,Yearly,Default,Saturday,Last,,,Apr,Apr,,,,,,,,,,,,,,,,,,,,,,,,,,,,,,,,,,,,,,,
a408a012-c553-4b30-9cdc-d3382e0cd5d0,ef1fda7a-2765-433a-80eb-540acc687dbf,Meeting,Monthly,Default,Friday,2nd,,,Jan,Dec,,,,,,,,,,,,,,,,,,,,,,,,,,,,,,,,,,,,,,,
ec5acb1f-fd0e-4f13-84c3-82d2538872fa,ef1fda7a-2765-433a-80eb-540acc687dbf,Festival of St. John The Evangelist,Yearly,Default,,,27,Dec,Dec,Dec,,,,,,,,,,,,,,,,,,,,,,,,,,,,,,,,,,,,,,,
12594ff0-bc61-4f56-ab56-9070e26af71d,ef1fda7a-2765-433a-80eb-540acc687dbf,Festival of St. John The Baptist,Yearly,Default,,,24,,Jun,Jun,,,,,,,,,,,,,,,,,,,,,,,,,,,,,,,,,,,,,,,
0794d3ff-3072-4f8f-8fc3-0fd5ef969e48,049a7adb-f87f-469a-8d0b-8246cc16a444,Meeting,Monthly,Default,Thursday,2nd,,Jan,Dec,Jan,,,,,,,,,,,,,,,,,,,,,,,,,,,,,,,,,,,,,,,
622f8428-c014-4be0-b216-2ecc5ecd17f9,049a7adb-f87f-469a-8d0b-8246cc16a444,Meeting,Monthly,LunarSeason,Thursday,,,,Feb,Nov,,,,,,,,,,,,,,,,,,,,,,,,,,,,,,,,,,,,,,,
cd3200e5-e9cc-47de-a86d-793f37e3122c,2299136e-4479-42d7-9808-abba99762ebd,Meeting,Monthly,Default,Friday,4th,,Mar,,,Jan:Mar:Sep:Nov,,,,,,,,,,,,,,,,,,,,,,,,,,,,,,,,,,,,,,
b14e0354-b711-41c6-b9b8-400e107c2b78,6c2e0aa9-ec99-407a-9588-e6936b3e036f,Meeting,Monthly,Default,Thursday,1st,,Apr,,,Feb:Mar:Apr:Jun:Aug:Oct:Dec, ,,,,,,,,,,,,,,,,,,,,,,,,,,,,,,,,,,,,,
1510eb47-1e08-4ea5-ba24-276ae59dd79a,414bcd2e-c4b2-4808-88ca-58e2c9eaf9bf,Meeting,Monthly,Default,Thursday,1st,,Feb,Oct,Jun,,,,,,,,,,,,,,,,,,,,,,,,,,,,,,,,,,,,,,,
68b373de-923c-4498-9fca-122b29ecde62,162ae613-7b8e-4e45-8995-9f8c0a2af8e3,Meeting,Monthly,Default,Wednesday,3rd,,Jan,Jan,Dec,,,,,,,,,,,,,,,,,,,,,,,,,,,,,,,,,,,,,,,
1e758ed2-a001-495d-ab6a-90b5d32f8492,c15a4fd7-9cc5-4826-944a-7d01f8bb4c50,Meeting,Monthly,Default,Wednesday,Last,,Oct,Jan,Nov,,,,,,,,,,,,,,,,,,,,,,,,,,,,,,,,,,,,,,,
ce015ddd-7e54-4957-9239-687bfb390b6e,c15a4fd7-9cc5-4826-944a-7d01f8bb4c50,Meeting,Yearly,Default,Wednesday,3rd,,,Dec,Dec,,,,,,,,,,,,,,,,,,,,,,,,,,,,,,,,,,,,,,,
d6e44262-885b-4a7e-b788-4a2da6dc4931,096eb07d-dcf0-45ae-9403-0f5340fee10c,Meeting,Monthly,Default,Tuesday,4th,,Sep,Sep,Apr,,,,,,,,,,,,,,,,,,,,,,,,,,,,,,,,,,,,,,,
7bbc0376-83f2-4c93-9a6e-027128910805,096eb07d-dcf0-45ae-9403-0f5340fee10c,Installation,Yearly,Default,Tuesday,3rd,,,Dec,Dec,,,,,,,,,,,,,,,,,,,,,,,,,,,,,,,,,,,,,,,
26a03959-918f-4fa8-b91e-efbceff854e8,63627d14-92b8-46e7-b028-7e522c1f5c50,Meeting,Monthly,Default,Monday,2nd,,Jan,Sep,Jun,,,,,,,,,,,,,,,,,,,,,,,,,,,,,,,,,,,,,,,
566b650f-b491-4653-853a-98523f957b76,fd94544f-a10e-4ea4-9a2c-736917b9bfcb,Meeting,Monthly,Default,Monday,1st,,,Sep,Jul,Sep:Oct:Nov:Dec:Jan:Feb:Apr:Jun:Jul,,,,,,,,,,,,,,,,,,,,,,,,,,,,,,,,,,,,,,
d7a61a95-39a2-434f-8ed9-14e7f73373e2,fd94544f-a10e-4ea4-9a2c-736917b9bfcb,Installation,Yearly,Default,Tuesday,1st,,,May,May,,,,,,,,,,,,,,,,,,,,,,,,,,,,,,,,,,,,,,,
e8e88e60-5546-4cd8-937d-f9cdae9a7e7e,b945b460-8ccc-4199-b120-dc10084237cd,Meeting,Monthly,Default,Monday,2nd,,Nov,Oct,Jul,,,,,,,,,,,,,,,,,,,,,,,,,,,,,,,,,,,,,,,
0c65596f-7a8e-4b7a-a3ee-355be681c6c3,e308b1aa-5d7e-4018-971e-31c0d0432f60,Meeting,Monthly,Default,Thursday,2nd,,Feb,Sep,May,,,,,,,,,,,,,,,,,,,,,,,,,,,,,,,,,,,,,,,
c3f20fd6-dcce-4d9b-8e5a-b376b855a8a2,f2ae12b7-eca7-4153-a721-b38ddeca370a,Meeting,Yearly,Default,Wednesday,4th,,,Feb,Feb,,,,,,,,,,,,,,,,,,,,,,,,,,,,,,,,,,,,,,,
3d6fb449-b94f-4c5f-955e-4339e74c442e,f2ae12b7-eca7-4153-a721-b38ddeca370a,Meeting,Monthly,Default,Wednesday,1st,,May,,,May:Sep,,,,,,,,,,,,,,,,,,,,,,,,,,,,,,,,,,,,,,
71688b8b-830a-4329-b1b4-09b89a83e61a,f2ae12b7-eca7-4153-a721-b38ddeca370a,Meeting,Yearly,Default,Wednesday,3rd,,,Nov,Nov,,,,,,,,,,,,,,,,,,,,,,,,,,,,,,,,,,,,,,,
a681d347-4422-41e2-a4e2-ecf4d65a7c8f,59daaebd-07b4-4a62-af7b-91da134f029b,Meeting,Monthly,Default,Thursday,3rd,,Jan,Sep,Jun,,,,,,,,,,,,,,,,,,,,,,,,,,,,,,,,,,,,,,,
5b756fc0-52d8-4be7-9227-52cf65f2b3ad,4e60a341-ab83-4a54-957e-a0c825ec35da,Meeting,Monthly,Default,Monday,3rd,,Jun,Sep,Jun,,,,,,,,,,,,,,,,,,,,,,,,,,,,,,,,,,,,,,,
546c521b-60cf-4c10-8e82-e6dc17aa216f,8dd83e27-12cf-4054-96d8-40292f727592,Meeting,Monthly,Default,Monday,2nd,,,,,Jan:Feb:Mar:Apr:May:Jun:Sep:Nov,,,,,,,,,,,,,,,,,,,,,,,,,,,,,,,,,,,,,,
546c521b-60cf-4c10-8e82-e6dc17aa216f,8dd83e27-12cf-4054-96d8-40292f727592,Installation,Yearly,Default,Monday,1st,,Oct,Oct,Oct,,,,,,,,,,,,,,,,,,,,,,,,,,,,,,,,,,,,,,,
977b125c-f660-4104-815d-ddffbfd1c427,0fc7e0d8-c8f7-4b73-b702-b8e9ae47d974,Meeting,Monthly,LunarSeason,Tuesday,,,Nov,Jan,Dec,,,,,,,,,,,,,,,,,,,,,,,,,,,,,,,,,,,,,,,
cb4433a3-549a-46ed-a8de-12a1a7e68d8b,2e6e00b9-5edd-47ee-ab8c-4a177b339247,Meeting,Monthly,Default,Tuesday,2nd,,Mar,Oct,May,,,,,,,,,,,,,,,,,,,,,,,,,,,,,,,,,,,,,,,
a0f049c2-7424-4097-8a0d-dca7c91489e5,826c030e-3f55-41c3-850e-ca67d1b5c354,Meeting,Monthly,Default,Tuesday,2nd,,Oct,Oct,Jun,,,,,,,,,,,,,,,,,,,,,,,,,,,,,,,,,,,,,,,
54227c3f-85bb-47ad-a755-b9a453e1a97d,9004679e-abf6-4311-997b-4b76ab7d8940,Meeting,Monthly,Default,Tuesday,3rd,,Nov,,,Jan:Feb:Mar:Apr:May:Jun:Sep:Oct:Nov,,,,,,,,,,,,,,,,,,,,,,,,,,,,,,,,,,,,,,
7d533a71-925d-441c-b93a-ba7d03c10a25,9004679e-abf6-4311-997b-4b76ab7d8940,Meeting,Yearly,Default,Tuesday,2nd,,,Dec,Dec,,,,,,,,,,,,,,,,,,,,,,,,,,,,,,,,,,,,,,,
679086ce-3db9-4291-a41c-0a92d8625fdf,bf929819-1e85-4217-b791-a71f40d94a53,Meeting,Monthly,Default,Thursday,1st,,Jun,,,Mar:Jun:Sep,,,,,,,,,,,,,,,,,,,,,,,,,,,,,,,,,,,,,,
a45b6b7d-5f58-408b-be6a-f282008a474a,817bfaa7-3087-4940-8051-bf873bb6a6bc,Meeting,Monthly,Default,Monday,3rd,,Nov,Sep,Jun,,,,,,,,,,,,,,,,,,,,,,,,,,,,,,,,,,,,,,,
b570a62a-cd2c-4a02-b230-e72ce89aa159,2b04ec0b-cc42-4e46-b3e5-982e9e3e7f92,Meeting,Monthly,Default,Friday,Last,,Oct,Sep,Jun,,,,,,,,,,,,,,,,,,,,,,,,,,,,,,,,,,,,,,,
730c268d-39cd-4c3c-8d82-8de02903e7a7,7a1d6f4d-61ae-4ab2-bd90-adcf76ef4efa,Meeting,Monthly,Default,Monday,3rd,,Sep,Sep,May,,,,,,,,,,,,,,,,,,,,,,,,,,,,,,,,,,,,,,,
c7372377-700a-4dcb-8167-b8aa948616c7,6bc57e35-e132-4693-88c2-49fe9d0cc437,Meeting,Monthly,Default,Wednesday,1st,,Oct,Oct,Jul,,,,,,,,,,,,,,,,,,,,,,,,,,,,,,,,,,,,,,,
0164bd64-0f02-4cf6-9db2-591113642cfb,c8dc2ce2-d67b-47ac-bafd-235ab8dbc1f4,Meeting,Monthly,Default,Tuesday,3rd,,Apr,Sep,Jun,,,,,,,,,,,,,,,,,,,,,,,,,,,,,,,,,,,,,,,
11bf221c-046e-4bcc-9e1d-29d90f06fba4,d3eb1a32-efd0-4876-8ff2-695147c4df97,Meeting,Monthly,Default,Friday,4th,,Oct,,,Sep:Oct:Nov:Jan:Feb:Mar:Apr:May:Jun,,,,,,,,,,,,,,,,,,,,,,,,,,,,,,,,,,,,,,
158f1231-b695-4368-8002-2cb4bf72378a,d3eb1a32-efd0-4876-8ff2-695147c4df97,Meeting,Yearly,Default,Friday,3rd,,,Dec,Dec,,,,,,,,,,,,,,,,,,,,,,,,,,,,,,,,,,,,,,,
07d9a025-31b0-4163-b354-e2b1b225d2fe,9dd67828-767b-4f17-b7c7-4a9aba9baf2c,Meeting,Monthly,Default,Friday,Last,,Nov,,,Jan:Feb:Mar:Apr:May:Jun:Sep,,,,,,,,,,,,,,,,,,,,,,,,,,,,,,,,,,,,,,
e0cf6fae-397d-4079-90ed-7046651e3966,9dd67828-767b-4f17-b7c7-4a9aba9baf2c,Meeting,Yearly,Default,Friday,2nd,,,Dec,Dec,,,,,,,,,,,,,,,,,,,,,,,,,,,,,,,,,,,,,,,
b321a1c5-4fdf-4f4d-b206-c8bfc3d77610,7c8670f7-547d-4fcc-87db-f35473bbcf31,Meeting,Monthly,Default,Friday,2nd,,Apr,Sep,May,,,,,,,,,,,,,,,,,,,,,,,,,,,,,,,,,,,,,,,
ae0cc0bd-270d-4a49-a1cd-0344d53130a6,6014eccc-c64f-42c6-8120-0b75f18db64e,Meeting,Monthly,Default,Saturday,3rd,,Mar,Sep,May,,,,,,,,,,,,,,,,,,,,,,,,,,,,,,,,,,,,,,,
74e51e26-e8e0-4a7b-876b-09e84422dc02,ae4f188f-1588-41bd-8e60-c0c07fee3611,Meeting,Monthly,Default,Wednesday,4th,,Feb,Jan,May,,,,,,,,,,,,,,,,,,,,,,,,,,,,,,,,,,,,,,,
ab6036a6-2423-432e-9625-50d5c2ad9fb4,ae4f188f-1588-41bd-8e60-c0c07fee3611,Meeting,Monthly,Default,Wednesday,4th,,,Sep,Nov,,,,,,,,,,,,,,,,,,,,,,,,,,,,,,,,,,,,,,,
9a2f8bc9-e09e-40b7-9017-6580aca2f82c,4e0394b0-a81d-4070-b050-c0ccd620f3b6,Meeting,Monthly,Default,Thursday,2nd,,May,,,Sep:Oct:Nov:Jan:Feb:Mar:Apr:May:Jun,,,,,,,,,,,,,,,,,,,,,,,,,,,,,,,,,,,,,,
81f3f0c1-73fd-4d8d-9748-1f53878249ae,3d03f7c8-08bf-4dee-9b53-c73b3250990c,Meeting,Monthly,Default,Monday,4th,,Sep,Sep,May,,,,,,,,,,,,,,,,,,,,,,,,,,,,,,,,,,,,,,,
2b77bcca-dec6-4ccd-ac96-bba422f0eed1,3d03f7c8-08bf-4dee-9b53-c73b3250990c,Meeting,Yearly,Default,Wednesday,2nd,,,Dec,Dec,,,,,,,,,,,,,,,,,,,,,,,,,,,,,,,,,,,,,,,
f0d238f5-fd45-4521-9010-21d05bce8eb5,a9c6e0f6-cdf0-4b47-a236-a0dd0048091e,Meeting,Monthly,Default,Thursday,3rd,,Apr,Sep,Jun,,,,,,,,,,,,,,,,,,,,,,,,,,,,,,,,,,,,,,,
7216c0e5-4c07-4d27-a8d7-0e5eab478ba4,eaf085d2-2ceb-46d1-b799-4a92d7898f35,Meeting,Monthly,Default,Monday,2nd,,May,,,Oct:Nov:Jan:Feb:Mar:Apr:May,,,,,,,,,,,,,,,,,,,,,,,,,,,,,,,,,,,,,,
e2c2a2be-5866-4258-b0dc-d2f1b4ad1ab0,808cc1a8-c7f2-4471-9438-de391647a37b,Meeting,Monthly,Default,Tuesday,3rd,,Jun,Oct,Jun,,,,,,,,,,,,,,,,,,,,,,,,,,,,,,,,,,,,,,,
de328ee4-c4ea-42b4-b8ba-841f2e89acef,0d371545-999b-41c1-9923-67ce5379cb69,Meeting,Monthly,Default,Tuesday,4th,,Oct,Sep,May,Sep:Oct:Nov:Jan:Feb:Mar:Apr:May,,,,,,,,,,,,,,,,,,,,,,,,,,,,,,,,,,,,,,
7ab608aa-4bd4-4813-9372-f45089f6c6d8,5b661c57-e6dc-4ffe-a870-78dc67c8cb61,Meeting,Monthly,Default,Wednesday,4th,,,,,Sep:Oct:Nov:Jan:Feb:Mar:May:Jun,,,,,,,,,,,,,,,,,,,,,,,,,,,,,,,,,,,,,,
fb3c7b7d-5420-4781-9e13-5a00dfbf19f8,5b661c57-e6dc-4ffe-a870-78dc67c8cb61,Meeting,Monthly,Default,Wednesday,3rd,,Apr,,,Apr:Dec,,,,,,,,,,,,,,,,,,,,,,,,,,,,,,,,,,,,,,
2b4c5b9a-9dd2-4499-a50d-ef842326190f,6c2e0aa9-ec99-407a-9588-e6936b3e036f,Meeting,Monthly,Default,Thursday,1st,,Apr,,,Feb:Mar:Apr:Jun:Aug:Oct:Dec,,,,,,,,,,,,,,,,,,,,,,,,,,,,,,,,,,,,,,
fcfc6c15-2bdd-4101-ad87-e0461fc913a8,ab0477a6-cb21-46db-afe6-7cafb4903162,Meeting,Monthly,Default,Friday,4th,,Apr,,,Oct:Nov:Jan:Feb:Mar:Apr,,,,,,,,,,,,,,,,,,,,,,,,,,,,,,,,,,,,,,
dd44864d-6d91-4d56-a104-0a0136d12ca9,a4bde195-e260-49d2-9f64-34ffe47a51e2,Meeting,Monthly,Default,Monday,2nd,,May,Sep,May,,,,,,,,,,,,,,,,,,,,,,,,,,,,,,,,,,,,,,,
0a41779e-4019-4a16-af60-832788c295e1,32eb7ecc-8ed4-44b7-9b37-7ee2354a10ae,Meeting,Monthly,Default,Wednesday,2nd,,Sep,,,Sep:Oct:Nov:Jan:Feb:Mar:Apr,,,,,,,,,,,,,,,,,,,,,,,,,,,,,,,,,,,,,,
7eee85c2-c7fd-47be-96b9-9638e70289dc,32eb7ecc-8ed4-44b7-9b37-7ee2354a10ae,Meeting,Yearly,Default,Tuesday,3rd,,,Dec,Dec,,,,,,,,,,,,,,,,,,,,,,,,,,,,,,,,,,,,,,,
ee0a1038-2d60-4dd5-a4db-91c781497d37,d9596ea7-27ef-4eb6-aa9b-1c41b4f49e58,Meeting,Monthly,Default,Thursday,1st,,Nov,,,Feb:Mar:Apr:May:Jun:Sep:Oct:Nov,,,,,,,,,,,,,,,,,,,,,,,,,,,,,,,,,,,,,,
3883fd06-de03-42ae-a2ab-b8c7b9fa35ed,d6893cce-3d9f-4f41-883a-fe1fbc002227,Meeting,Monthly,Default,Wednesday,2nd,,Sep,,,Sep:Oct:Nov:Jan:Feb:Mar:Apr:May,,,,,,,,,,,,,,,,,,,,,,,,,,,,,,,,,,,,,,
c2a073a9-45c9-41d1-9a56-7016c5f773aa,3529c333-7a5f-44e3-82e7-2edd7e344383,Meeting,Monthly,Default,Thursday,1st,,Sep,,,Sep:Oct:Nov:Dec:Feb:Mar:May:Jun,,,,,,,,,,,,,,,,,,,,,,,,,,,,,,,,,,,,,,
9a3d9210-39b7-478b-a596-a902727c21c1,d63afce0-2489-4b6b-b994-9849bb2ddbdc,Meeting,Monthly,Default,Thursday,3rd,,,,,Feb:Apr:May:Jun:Oct,,,,,,,,,,,,,,,,,,,,,,,,,,,,,,,,,,,,,,
b093f884-46d8-470a-810d-e0ec8ad6c8e6,d63afce0-2489-4b6b-b994-9849bb2ddbdc,Installation,Yearly,Default,Friday,3rd,,,Mar,Mar,,,,,,,,,,,,,,,,,,,,,,,,,,,,,,,,,,,,,,,
ea456174-9610-422c-9fb3-d7c9e2a50542,0f1e20b0-f71e-45e3-b3f8-cacd27a4fd12,Meeting,Monthly,Default,Thursday,2nd,,Mar,,,Mar:May:Sep:Dec,,,,,,,,,,,,,,,,,,,,,,,,,,,,,,,,,,,,,,
9998c4a4-6354-41ce-84e9-353d1afd627a,b537f8b6-23d6-4148-8e13-ca486d5d72c2,Meeting,Monthly,Default,Saturday,2nd,,Feb,,,Feb:Jun,,,,,,,,,,,,,,,,,,,,,,,,,,,,,,,,,,,,,,
1fe4ee76-474e-4299-b53e-e3186c5a94b6,b537f8b6-23d6-4148-8e13-ca486d5d72c2,Meeting,Monthly,Default,Friday,3rd,,,,,Apr:Sep,,,,,,,,,,,,,,,,,,,,,,,,,,,,,,,,,,,,,,
1f9c4ecc-76ac-4958-a0bc-3170370d6b0d,b537f8b6-23d6-4148-8e13-ca486d5d72c2,Meeting,Yearly,Default,Saturday,3rd,,,Nov,Nov,,,,,,,,,,,,,,,,,,,,,,,,,,,,,,,,,,,,,,,
f9a1f527-0a54-4406-b0b7-139b67919fca,b537f8b6-23d6-4148-8e13-ca486d5d72c2,Meeting,Yearly,Default,Friday,2nd,,,Dec,Dec,,,,,,,,,,,,,,,,,,,,,,,,,,,,,,,,,,,,,,,
a04c8d09-45a5-461e-8656-e7c0c410ea2c,d3ffcf3b-b3a0-46db-a1ff-a263af164f40,Meeting,Monthly,Default,Tuesday,1st,,,,,Jun:Oct:Dec,,,,,,,,,,,,,,,,,,,,,,,,,,,,,,,,,,,,,,
0b2cc487-bb30-4897-a61c-d3c281e19e7c,d3ffcf3b-b3a0-46db-a1ff-a263af164f40,Meeting,Yearly,Default,Monday,Last,,,Feb,Feb,,,,,,,,,,,,,,,,,,,,,,,,,,,,,,,,,,,,,,,
dc8394c4-08a8-4918-8517-d4fc7006425a,d3ffcf3b-b3a0-46db-a1ff-a263af164f40,Installation,Yearly,Default,Saturday,1st,,,Apr,Apr,,,,,,,,,,,,,,,,,,,,,,,,,,,,,,,,,,,,,,,
dba18ed7-c3cb-4472-87d6-1508f4868d0b,32c0225f-7dfb-4303-b450-80fbda52bea4,Meeting,Monthly,Default,Wednesday,3rd,,Oct,,,Jan:Apr:Jul:Oct,,,,,,,,,,,,,,,,,,,,,,,,,,,,,,,,,,,,,,
dba18ed7-c3cb-4472-87d6-1508f4868d0b,2b720404-d8fe-411b-8116-aef3ef0e43fd,Meeting,Monthly,Default,Friday,1st,,Nov,,,Oct:Nov:Dec:Feb:Mar:Apr,,,,,,,,,,,,,,,,,,,,,,,,,,,,,,,,,,,,,,
